ticker,year,folder_name,exchange,lagged_year,company_name
AAPL,2004,,,,
AAPL,2005,,,,
AAPL,2006,,,,
AAPL,2007,,,,
AAPL,2008,,,,
AAPL,2009,,,,
AAPL,2010,,,,
AAPL,2011,,,,
AAPL,2012,,,,
AAPL,2013,,,,
AATI,2007,,,,
AATI,2008,,,,
ABAX,2010,,,,
ABBV,2003,,,,
ABBV,2005,,,,
ABBV,2006,,,,
ABBV,2009,,,,
ABBV,2010,,,,
ABBV,2011,,,,
ABBV,2012,,,,
ABBV,2013,,,,
ABBV,2014,,,,
ABBV,2015,,,,
ABBV,2016,,,,
ABBV,2017,,,,
ABT,2003,,,,
ABT,2004,,,,
ABT,2007,,,,
ABT,2008,,,,
ABT,2009,,,,
ABT,2010,,,,
ABT,2011,,,,
ACCO,2012,,,,
ACHN,2014,,,,
ACLS,2011,,,,
ACN,2005,,,,
ACN,2007,,,,
ADBE,2010,,,,
ADBE,2012,,,,
ADCT,2007,,,,
ADI,2006,,,,
ADI,2007,,,,
ADI,2008,,,,
ADI,2009,,,,
ADI,2010,,,,
ADI,2011,,,,
ADI,2012,,,,
ADI,2013,,,,
ADI,2014,,,,
ADI,2015,,,,
ADI,2016,,,,
ADI,2017,,,,
ADM,2004,,,,
ADM,2007,,,,
ADM,2008,,,,
ADM,2009,,,,
ADM,2010,,,,
ADM,2011,,,,
ADM,2012,,,,
ADM,2013,,,,
ADMA,2015,,,,
ADNC,2008,,,,
ADNC,2009,,,,
ADSK,2007,,,,
ADSK,2008,,,,
ADSK,2013,,,,
ADSK,2014,,,,
ADSK,2015,,,,
ADSK,2016,,,,
ADTN,2007,,,,
ADTN,2009,,,,
ADTN,2010,,,,
ADTN,2011,,,,
ADTN,2012,,,,
ADTN,2013,,,,
ADTN,2016,,,,
AEIS,2007,,,,
AEIS,2008,,,,
AEIS,2009,,,,
AEIS,2010,,,,
AEIS,2011,,,,
AEIS,2012,,,,
AEIS,2013,,,,
AES,2004,,,,
AES,2011,,,,
AFFX,2006,,,,
AFFX,2009,,,,
AGCO,2009,,,,
AGCO,2010,,,,
AGCO,2011,,,,
AGCO,2012,,,,
AGCO,2015,,,,
AGEN,2018,,,,
AGIO,2010,,,,
AGIO,2017,,,,
AGN,2005,,,,
AGN,2006,,,,
AGN,2007,,,,
AGN,2008,,,,
AGN,2010,,,,
ALB,2005,,,,
ALDR,2016,,,,
ALDR,2017,,,,
ALGN,2006,,,,
ALGN,2007,,,,
ALGN,2011,,,,
ALGN,2014,,,,
ALGN,2015,,,,
ALGN,2016,,,,
ALGN,2017,,,,
ALGN,2018,,,,
ALNY,2003,,,,
ALNY,2005,,,,
ALNY,2007,,,,
ALNY,2008,,,,
ALNY,2009,,,,
ALNY,2010,,,,
ALNY,2011,,,,
ALNY,2012,,,,
ALNY,2014,,,,
ALNY,2015,,,,
ALNY,2016,,,,
ALNY,2017,,,,
ALOG,2010,,,,
ALOG,2013,,,,
ALOG,2015,,,,
ALRM,2014,,,,
ALRM,2016,,,,
ALRM,2018,,,,
ALSN,2008,,,,
ALSN,2009,,,,
ALSN,2011,,,,
ALSN,2012,,,,
ALSN,2013,,,,
ALSN,2014,,,,
ALSN,2015,,,,
ALSN,2016,,,,
ALSN,2018,,,,
ALTR,2001,,,,
ALTR,2004,,,,
ALTR,2007,,,,
ALTR,2008,,,,
ALTR,2009,,,,
ALTR,2010,,,,
ALTR,2010,,,,
ALTR,2011,,,,
ALTR,2012,,,,
ALTR,2013,,,,
ALTR,2014,,,,
ALTR,2014,,,,
AMAT,2003,,,,
AMAT,2004,,,,
AMAT,2005,,,,
AMAT,2006,,,,
AMAT,2007,,,,
AMAT,2008,,,,
AMAT,2009,,,,
AMAT,2010,,,,
AMAT,2011,,,,
AMAT,2012,,,,
AMCC,2009,,,,
AMCC,2010,,,,
AMCC,2012,,,,
AMCC,2013,,,,
AMD,2002,,,,
AMD,2004,,,,
AMD,2005,,,,
AMD,2006,,,,
AMD,2007,,,,
AMD,2008,,,,
AMD,2009,,,,
AMD,2010,,,,
AMD,2011,,,,
AMD,2012,,,,
AMD,2013,,,,
AMD,2014,,,,
AMD,2015,,,,
AMD,2016,,,,
AMD,2017,,,,
AMD,2018,,,,
AMGN,2008,,,,
AMKR,2009,,,,
AMKR,2010,,,,
AMLN,2002,,,,
AMRS,2010,,,,
AMRS,2012,,,,
AMRS,2013,,,,
AMRS,2014,,,,
AMRS,2015,,,,
AMSC,2007,,,,
AMSC,2008,,,,
AMSC,2009,,,,
AMSC,2010,,,,
AMSC,2011,,,,
AMSC,2012,,,,
AMSC,2015,,,,
AMZN,2008,,,,
AMZN,2009,,,,
AMZN,2010,,,,
AMZN,2011,,,,
AMZN,2012,,,,
AMZN,2013,,,,
AMZN,2014,,,,
AMZN,2015,,,,
AMZN,2016,,,,
AMZN,2017,,,,
AMZN,2018,,,,
ANAB,2014,,,,
ANAC,2007,,,,
ANAC,2009,,,,
ANAC,2012,,,,
ANAC,2013,,,,
ANAD,2012,,,,
ANDE,2010,,,,
ANET,2013,,,,
ANET,2014,,,,
ANET,2015,,,,
ANET,2016,,,,
AOS,2011,,,,
AOS,2012,,,,
AOS,2017,,,,
AOSL,2009,,,,
AOSL,2011,,,,
AOSL,2012,,,,
AOSL,2013,,,,
AOSL,2014,,,,
AOSL,2016,,,,
APC,2011,,,,
APC,2012,,,,
APD,2006,,,,
APD,2007,,,,
APD,2008,,,,
APD,2009,,,,
APD,2010,,,,
APD,2011,,,,
APD,2012,,,,
APD,2013,,,,
APD,2014,,,,
APD,2015,,,,
APD,2016,,,,
AQMS,2014,,,,
AQMS,2015,,,,
AQUA,2012,,,,
AQUA,2013,,,,
AQUA,2014,,,,
AQUA,2017,,,,
ARB,2011,,,,
ARDM,2016,,,,
ARDX,2013,,,,
ARDX,2015,,,,
ARDX,2018,,,,
ARQL,2004,,,,
ARQL,2010,,,,
ARQL,2011,,,,
ARRY,2007,,,,
ARRY,2012,,,,
ARRY,2013,,,,
ARRY,2017,,,,
ARUN,2006,,,,
ARUN,2007,,,,
ARUN,2010,,,,
ASPN,2013,,,,
ASPX,2012,,,,
ASTE,2007,,,,
ASTE,2011,,,,
ASTE,2012,,,,
ASTE,2014,,,,
ASTE,2016,,,,
ASTE,2017,,,,
ATML,2006,,,,
ATML,2007,,,,
ATML,2009,,,,
ATML,2010,,,,
ATML,2011,,,,
ATML,2012,,,,
ATML,2013,,,,
ATML,2014,,,,
ATRO,2014,,,,
AVA,2011,,,,
AVAV,2005,,,,
AVAV,2007,,,,
AVAV,2008,,,,
AVAV,2009,,,,
AVAV,2010,,,,
AVAV,2011,,,,
AVAV,2012,,,,
AVAV,2013,,,,
AVAV,2014,,,,
AVAV,2015,,,,
AVAV,2016,,,,
AVAV,2017,,,,
AVGO,2009,,,,
AVGO,2010,,,,
AVGO,2011,,,,
AVGO,2012,,,,
AVGO,2013,,,,
AVGO,2014,,,,
AVGO,2015,,,,
AVGO,2016,,,,
AVY,2008,,,,
AVY,2010,,,,
AVY,2013,,,,
AWK,2010,,,,
AWK,2013,,,,
AWRE,2009,,,,
AWRE,2010,,,,
AWRE,2012,,,,
AWRE,2013,,,,
AXL,2009,,,,
AXL,2010,,,,
AXL,2011,,,,
AXL,2013,,,,
AXON,2016,,,,
AYI,2006,,,,
AYI,2007,,,,
AYI,2008,,,,
AYI,2009,,,,
AYI,2010,,,,
AYI,2011,,,,
AYI,2012,,,,
AYI,2013,,,,
AYI,2014,,,,
AYI,2015,,,,
AYI,2016,,,,
AYI,2017,,,,
AYI,2018,,,,
AZPN,2011,,,,
AZTA,2005,,,,
AZTA,2007,,,,
AZTA,2008,,,,
AZTA,2009,,,,
AZTA,2011,,,,
AZTA,2012,,,,
AZTA,2013,,,,
B,2011,,,,
BA,2003,,,,
BA,2004,,,,
BA,2005,,,,
BA,2006,,,,
BA,2007,,,,
BAX,2003,,,,
BC,2007,,,,
BC,2008,,,,
BC,2009,,,,
BC,2010,,,,
BC,2011,,,,
BC,2012,,,,
BC,2013,,,,
BC,2014,,,,
BC,2015,,,,
BC,2016,,,,
BCR,2009,,,,
BCR,2013,,,,
BCR,2014,,,,
BCRX,2005,,,,
BCRX,2009,,,,
BCRX,2014,,,,
BDK,2004,,,,
BDK,2007,,,,
BDK,2008,,,,
BDX,2002,,,,
BDX,2007,,,,
BE,2015,,,,
BE,2016,,,,
BEAV,2008,,,,
BEAV,2009,,,,
BEAV,2011,,,,
BEAV,2012,,,,
BEAV,2013,,,,
BEAV,2014,,,,
BEAV,2015,,,,
BEAV,2016,,,,
BGG,2008,,,,
BGG,2009,,,,
BGG,2010,,,,
BGG,2011,,,,
BGG,2013,,,,
BGG,2014,,,,
BGG,2015,,,,
BGG,2016,,,,
BGG,2017,,,,
BGG,2018,,,,
BIIB,2012,,,,
BKR,2014,,,,
BKR,2015,,,,
BKR,2016,,,,
BMI,2007,,,,
BMI,2008,,,,
BMI,2009,,,,
BMI,2010,,,,
BMI,2011,,,,
BMRN,2009,,,,
BMTI,2009,,,,
BMTI,2011,,,,
BMY,2006,,,,
BMY,2007,,,,
BMY,2008,,,,
BMY,2011,,,,
BMY,2012,,,,
BMY,2015,,,,
BMY,2017,,,,
BPTH,2017,,,,
BRCD,2003,,,,
BRCD,2008,,,,
BRCD,2009,,,,
BRCD,2010,,,,
BRCD,2011,,,,
BRCD,2012,,,,
BRCD,2013,,,,
BRCD,2014,,,,
BRCD,2015,,,,
BRCM,2002,,,,
BRCM,2003,,,,
BRCM,2004,,,,
BRCM,2005,,,,
BRCM,2006,,,,
BRCM,2007,,,,
BRCM,2008,,,,
BRCM,2009,,,,
BRCM,2010,,,,
BRCM,2011,,,,
BRCM,2012,,,,
BRCM,2013,,,,
BRCM,2014,,,,
BRCM,2015,,,,
BSX,2010,,,,
BW,2015,,,,
BW,2017,,,,
BWA,2006,,,,
BWA,2007,,,,
BWA,2008,,,,
BWA,2009,,,,
BWA,2010,,,,
BWA,2011,,,,
BWA,2012,,,,
BWA,2013,,,,
BWA,2014,,,,
BWA,2015,,,,
BWA,2016,,,,
BWA,2017,,,,
BWA,2018,,,,
BWEN,2014,,,,
BWXT,2012,,,,
BWXT,2013,,,,
CALX,2007,,,,
CALX,2008,,,,
CALX,2009,,,,
CALX,2010,,,,
CALX,2014,,,,
CALX,2015,,,,
CAT,2005,,,,
CAT,2006,,,,
CAT,2007,,,,
CAT,2008,,,,
CAT,2009,,,,
CAT,2010,,,,
CAVM,2010,,,,
CAVM,2012,,,,
CAVM,2013,,,,
CAVM,2014,,,,
CAVM,2015,,,,
CAVM,2016,,,,
CBST,2006,,,,
CBST,2011,,,,
CBST,2013,,,,
CBT,2005,,,,
CBT,2007,,,,
CBT,2008,,,,
CBT,2009,,,,
CBT,2010,,,,
CDNS,2005,,,,
CDNS,2006,,,,
CDNS,2007,,,,
CDNS,2008,,,,
CDNS,2009,,,,
CDNS,2010,,,,
CDNS,2011,,,,
CDNS,2012,,,,
CDNS,2013,,,,
CDNS,2014,,,,
CDNS,2017,,,,
CDTI,2007,,,,
CDTI,2011,,,,
CDTI,2012,,,,
CDTI,2013,,,,
CDTI,2014,,,,
CDTI,2015,,,,
CDXS,2008,,,,
CDXS,2009,,,,
CDXS,2010,,,,
CDXS,2011,,,,
CDXS,2012,,,,
CDXS,2013,,,,
CDXS,2014,,,,
CDXS,2015,,,,
CDXS,2016,,,,
CDXS,2017,,,,
CDXS,2018,,,,
CDXS,2019,,,,
CELG,2003,,,,
CELG,2005,,,,
CELG,2006,,,,
CELG,2008,,,,
CELG,2009,,,,
CELG,2012,,,,
CELG,2014,,,,
CELG,2015,,,,
CELG,2016,,,,
CELG,2017,,,,
CELG,2018,,,,
CERN,2014,,,,
CFN,2005,,,,
CFN,2007,,,,
CFN,2009,,,,
CFN,2010,,,,
CFN,2011,,,,
CGNX,2008,,,,
CGNX,2009,,,,
CGNX,2013,,,,
CHD,2007,,,,
CHD,2011,,,,
CHMT,2006,,,,
CHMT,2011,,,,
CHMT,2012,,,,
CIEN,2007,,,,
CIEN,2010,,,,
CIEN,2013,,,,
CIEN,2014,,,,
CIEN,2015,,,,
CIEN,2016,,,,
CL,2006,,,,
CL,2009,,,,
CL,2010,,,,
CL,2012,,,,
CLIR,2013,,,,
CLIR,2014,,,,
CLIR,2015,,,,
CLIR,2017,,,,
CLNE,2011,,,,
CLNE,2012,,,,
CLWR,2010,,,,
CLX,2009,,,,
CLX,2010,,,,
CLX,2012,,,,
CMC,2013,,,,
CMRX,2009,,,,
CMRX,2010,,,,
CMRX,2011,,,,
CMRX,2015,,,,
CNCE,2012,,,,
CNCE,2013,,,,
CNCE,2014,,,,
CNXT,2008,,,,
CODE,2008,,,,
CODE,2010,,,,
CODE,2011,,,,
CODE,2012,,,,
COL,2005,,,,
COL,2007,,,,
COL,2008,,,,
COL,2009,,,,
COL,2010,,,,
COL,2011,,,,
COL,2012,,,,
COL,2013,,,,
COL,2014,,,,
COL,2015,,,,
COMV,2008,,,,
COMV,2009,,,,
COP,2003,,,,
COP,2007,,,,
COP,2009,,,,
COP,2010,,,,
COP,2011,,,,
CPST,2012,,,,
CPST,2016,,,,
CREE,2005,,,,
CREE,2007,,,,
CREE,2008,,,,
CREE,2009,,,,
CREE,2010,,,,
CREE,2011,,,,
CREE,2012,,,,
CREE,2013,,,,
CREE,2014,,,,
CREE,2015,,,,
CREE,2016,,,,
CREE,2017,,,,
CRIS,2007,,,,
CRIS,2011,,,,
CRIS,2013,,,,
CRIS,2018,,,,
CRM,2013,,,,
CRM,2014,,,,
CRM,2015,,,,
CRM,2016,,,,
CRM,2019,,,,
CRUS,2007,,,,
CRUS,2008,,,,
CRUS,2009,,,,
CRUS,2010,,,,
CRUS,2011,,,,
CRUS,2012,,,,
CRUS,2013,,,,
CRUS,2014,,,,
CRUS,2015,,,,
CRUS,2016,,,,
CRUS,2017,,,,
CSCO,2003,,,,
CSCO,2004,,,,
CSCO,2010,,,,
CTIC,2008,,,,
CTRL,2008,,,,
CTRL,2010,,,,
CTRL,2012,,,,
CTRL,2013,,,,
CTRL,2014,,,,
CTS,2013,,,,
CTXS,2010,,,,
CTXS,2011,,,,
CTXS,2012,,,,
CTXS,2013,,,,
CTXS,2015,,,,
CUB,2008,,,,
CUB,2011,,,,
CUB,2014,,,,
CVLT,2008,,,,
CVLT,2013,,,,
CVLT,2015,,,,
CWST,2004,,,,
CWST,2005,,,,
CWST,2007,,,,
CWST,2011,,,,
CYT,2009,,,,
CYT,2010,,,,
CYT,2011,,,,
CYT,2012,,,,
CYT,2014,,,,
D,2010,,,,
D,2012,,,,
D,2014,,,,
D,2016,,,,
DAIO,2015,,,,
DAN,2016,,,,
DBD,2017,,,,
DCI,2008,,,,
DD,2004,,,,
DD,2005,,,,
DD,2006,,,,
DD,2007,,,,
DD,2008,,,,
DD,2009,,,,
DD,2010,,,,
DD,2011,,,,
DD,2012,,,,
DD,2013,,,,
DD,2014,,,,
DE,2005,,,,
DE,2006,,,,
DE,2007,,,,
DE,2008,,,,
DE,2009,,,,
DE,2010,,,,
DE,2011,,,,
DE,2012,,,,
DE,2013,,,,
DE,2014,,,,
DE,2015,,,,
DE,2016,,,,
DE,2017,,,,
DE,2018,,,,
DGII,2008,,,,
DGII,2009,,,,
DGII,2010,,,,
DGX,2008,,,,
DMRC,2013,,,,
DMRC,2014,,,,
DMRC,2015,,,,
DMRC,2016,,,,
DOLE,2011,,,,
DOW,2004,,,,
DOW,2006,,,,
DOW,2007,,,,
DOW,2008,,,,
DOW,2009,,,,
DOW,2010,,,,
DOW,2011,,,,
DOW,2012,,,,
DOW,2013,,,,
DOW,2014,,,,
DRC,2010,,,,
DRC,2011,,,,
DRC,2012,,,,
DRI,2009,,,,
DSPG,2013,,,,
DSPG,2015,,,,
DTE,2011,,,,
DVAX,2007,,,,
DVAX,2009,,,,
DVAX,2011,,,,
DVAX,2012,,,,
DVAX,2014,,,,
DXCM,2006,,,,
DXCM,2008,,,,
DXCM,2009,,,,
DXCM,2010,,,,
DXCM,2011,,,,
DXCM,2012,,,,
DXCM,2013,,,,
DXCM,2014,,,,
DXCM,2015,,,,
DXCM,2016,,,,
DXCM,2017,,,,
DXCM,2018,,,,
DYAX,2009,,,,
EBAY,2009,,,,
EBAY,2010,,,,
EBAY,2013,,,,
EBAY,2014,,,,
EBAY,2015,,,,
EGIO,2011,,,,
EGIO,2012,,,,
EGIO,2013,,,,
ELON,2004,,,,
ELON,2016,,,,
ELY,2010,,,,
EMKR,2006,,,,
EMKR,2007,,,,
EMKR,2008,,,,
EMKR,2009,,,,
EMKR,2010,,,,
EMKR,2012,,,,
EMKR,2013,,,,
EMN,2006,,,,
EMN,2007,,,,
EMN,2008,,,,
EMN,2010,,,,
EMN,2012,,,,
EMR,2003,,,,
EMR,2004,,,,
EMR,2005,,,,
EMR,2006,,,,
EMR,2007,,,,
EMR,2008,,,,
EMR,2009,,,,
EMR,2010,,,,
EMR,2011,,,,
EMR,2012,,,,
EMR,2013,,,,
EMR,2014,,,,
EMR,2015,,,,
EMR,2016,,,,
EMR,2017,,,,
EMR,2018,,,,
ENOC,2011,,,,
ENOC,2013,,,,
ENOC,2014,,,,
ENPH,2008,,,,
ENPH,2009,,,,
ENPH,2010,,,,
ENPH,2011,,,,
ENPH,2012,,,,
ENPH,2013,,,,
ENPH,2014,,,,
ENPH,2015,,,,
ENPH,2016,,,,
ENTA,2011,,,,
ENTA,2013,,,,
ENTG,2006,,,,
ENTG,2007,,,,
ENTG,2008,,,,
ENTG,2010,,,,
ENTG,2011,,,,
ENTG,2012,,,,
ENTG,2013,,,,
ENTG,2014,,,,
ENTG,2015,,,,
ENTG,2016,,,,
ENTR,2010,,,,
EPZM,2017,,,,
ERII,2005,,,,
ERII,2008,,,,
ERII,2010,,,,
ERII,2011,,,,
ERII,2013,,,,
ERII,2014,,,,
EVLO,2015,,,,
EVLO,2018,,,,
EXAR,2009,,,,
EXAR,2010,,,,
EXAR,2011,,,,
EXEL,2006,,,,
EXEL,2011,,,,
EXEL,2017,,,,
EXTR,2005,,,,
EXTR,2007,,,,
EXTR,2009,,,,
EXTR,2010,,,,
EXTR,2013,,,,
EXTR,2017,,,,
F,2004,,,,
F,2005,,,,
F,2006,,,,
F,2007,,,,
F,2008,,,,
F,2009,,,,
F,2010,,,,
F,2011,,,,
F,2012,,,,
F,2013,,,,
F,2014,,,,
F,2015,,,,
FARO,2013,,,,
FATE,2017,,,,
FCEL,2005,,,,
FCEL,2006,,,,
FCEL,2007,,,,
FCEL,2008,,,,
FCEL,2009,,,,
FCEL,2010,,,,
FCEL,2011,,,,
FCEL,2012,,,,
FCEL,2013,,,,
FCEL,2014,,,,
FCEL,2015,,,,
FCS,2007,,,,
FCS,2008,,,,
FCS,2009,,,,
FCS,2010,,,,
FCS,2011,,,,
FCS,2012,,,,
FCS,2013,,,,
FCS,2014,,,,
FDML,2008,,,,
FDML,2009,,,,
FDML,2012,,,,
FDML,2014,,,,
FEIC,2010,,,,
FELE,2014,,,,
FEYE,2018,,,,
FFIV,2010,,,,
FFIV,2012,,,,
FIO,2007,,,,
FIO,2010,,,,
FIO,2011,,,,
FIO,2012,,,,
FIT,2014,,,,
FIT,2015,,,,
FIT,2017,,,,
FIT,2018,,,,
FLIR,2008,,,,
FLOW,2007,,,,
FLOW,2008,,,,
FMC,2002,,,,
FMC,2005,,,,
FMC,2010,,,,
FNSR,2009,,,,
FNSR,2015,,,,
FNSR,2017,,,,
FOE,2005,,,,
FOE,2006,,,,
FOE,2007,,,,
FOE,2008,,,,
FOE,2010,,,,
FOE,2011,,,,
FOE,2014,,,,
FOE,2015,,,,
FORM,2009,,,,
FSLR,2006,,,,
FSLR,2007,,,,
FSLR,2008,,,,
FSLR,2009,,,,
FSLR,2010,,,,
FSLR,2011,,,,
FSLR,2012,,,,
FSLR,2013,,,,
FSLR,2014,,,,
FSLR,2015,,,,
FSLR,2016,,,,
FSS,2012,,,,
FSS,2015,,,,
FTNT,2014,,,,
GE,2002,,,,
GE,2003,,,,
GE,2004,,,,
GE,2005,,,,
GE,2006,,,,
GE,2007,,,,
GE,2008,,,,
GE,2009,,,,
GE,2010,,,,
GE,2011,,,,
GE,2012,,,,
GE,2013,,,,
GE,2014,,,,
GE,2015,,,,
GE,2016,,,,
GE,2017,,,,
GE,2018,,,,
GEVO,2008,,,,
GEVO,2010,,,,
GEVO,2011,,,,
GEVO,2012,,,,
GEVO,2013,,,,
GEVO,2014,,,,
GEVO,2015,,,,
GGG,2012,,,,
GILD,2005,,,,
GILD,2008,,,,
GILD,2009,,,,
GILD,2010,,,,
GILD,2011,,,,
GILD,2012,,,,
GILD,2013,,,,
GILD,2014,,,,
GILD,2015,,,,
GILD,2017,,,,
GILD,2018,,,,
GIMO,2014,,,,
GIS,2007,,,,
GLT,2008,,,,
GLW,2001,,,,
GLW,2004,,,,
GLW,2005,,,,
GLW,2006,,,,
GLW,2007,,,,
GLW,2008,,,,
GLW,2009,,,,
GLW,2010,,,,
GLW,2011,,,,
GLW,2012,,,,
GLW,2013,,,,
GLW,2014,,,,
GLW,2015,,,,
GLW,2016,,,,
GLW,2017,,,,
GLW,2018,,,,
GM,2003,,,,
GM,2004,,,,
GM,2005,,,,
GM,2006,,,,
GM,2007,,,,
GM,2008,,,,
GM,2009,,,,
GM,2010,,,,
GM,2011,,,,
GM,2012,,,,
GM,2013,,,,
GM,2014,,,,
GM,2015,,,,
GNRC,2011,,,,
GNTX,2010,,,,
GNTX,2014,,,,
GNTX,2015,,,,
GNVC,2006,,,,
GNVC,2011,,,,
GPRO,2015,,,,
GPRO,2016,,,,
GPRO,2017,,,,
GR,2006,,,,
GR,2007,,,,
GRMN,2012,,,,
GRMN,2015,,,,
GRMN,2017,,,,
GSIT,2014,,,,
GSIT,2016,,,,
GT,2008,,,,
GT,2009,,,,
GT,2010,,,,
GT,2011,,,,
GT,2012,,,,
GT,2013,,,,
GT,2014,,,,
GT,2015,,,,
GTI,2004,,,,
GTI,2005,,,,
GTI,2006,,,,
GTI,2011,,,,
GTI,2013,,,,
HAL,2006,,,,
HAL,2007,,,,
HAL,2008,,,,
HAL,2009,,,,
HAL,2010,,,,
HAL,2011,,,,
HAL,2012,,,,
HAL,2013,,,,
HAL,2014,,,,
HAL,2015,,,,
HAL,2016,,,,
HAL,2017,,,,
HAL,2018,,,,
HALO,2017,,,,
HDSN,2008,,,,
HDSN,2011,,,,
HDSN,2012,,,,
HDSN,2013,,,,
HDSN,2014,,,,
HELE,2010,,,,
HELE,2014,,,,
HGSI,2000,,,,
HGSI,2007,,,,
HGSI,2009,,,,
HGSI,2010,,,,
HGSI,2011,,,,
HIG,2007,,,,
HIG,2008,,,,
HIG,2011,,,,
HIG,2012,,,,
HIVE,2008,,,,
HIVE,2017,,,,
HON,2003,,,,
HON,2004,,,,
HON,2005,,,,
HON,2006,,,,
HON,2007,,,,
HON,2008,,,,
HON,2009,,,,
HON,2010,,,,
HON,2011,,,,
HON,2012,,,,
HON,2013,,,,
HON,2014,,,,
HON,2015,,,,
HON,2016,,,,
HON,2017,,,,
HON,2018,,,,
HPC,2005,,,,
HRC,2010,,,,
HRS,2006,,,,
HRS,2007,,,,
HRS,2008,,,,
HRS,2009,,,,
HRS,2010,,,,
HRS,2011,,,,
HRS,2012,,,,
HRS,2013,,,,
HRS,2014,,,,
HRS,2015,,,,
HRS,2016,,,,
HUBB,2012,,,,
HUBB,2014,,,,
HUBB,2015,,,,
HUBB,2016,,,,
HUBB,2017,,,,
HUBB,2018,,,,
HXL,2009,,,,
HXL,2010,,,,
HXL,2012,,,,
HXL,2013,,,,
HXL,2016,,,,
HZO,2012,,,,
IBM,2001,,,,
IBM,2007,,,,
ICE,2002,,,,
IDCC,2003,,,,
IDCC,2005,,,,
IDCC,2006,,,,
IDCC,2007,,,,
IDCC,2008,,,,
IDCC,2009,,,,
IDCC,2010,,,,
IDCC,2011,,,,
IDCC,2012,,,,
IDCC,2013,,,,
IDCC,2014,,,,
IDCC,2015,,,,
IDCC,2016,,,,
IDCC,2017,,,,
IDCC,2018,,,,
IDTI,2007,,,,
IDTI,2008,,,,
IDTI,2010,,,,
IDTI,2012,,,,
IDTI,2013,,,,
IDTI,2014,,,,
IDTI,2016,,,,
IDXX,2009,,,,
IDXX,2012,,,,
IKAN,2009,,,,
IKAN,2013,,,,
ILMN,2015,,,,
ILMN,2016,,,,
ILMN,2017,,,,
IMDZ,2013,,,,
IMGN,2004,,,,
IMGN,2007,,,,
IMGN,2008,,,,
IMGN,2009,,,,
IMGN,2012,,,,
IMGN,2013,,,,
IMGN,2015,,,,
IMGN,2017,,,,
IMGN,2018,,,,
IMI,2007,,,,
IMI,2010,,,,
IMI,2011,,,,
IMI,2012,,,,
IMI,2013,,,,
IMI,2014,,,,
IMMR,2007,,,,
IMMR,2011,,,,
IMMR,2012,,,,
IMMR,2014,,,,
IMMR,2016,,,,
IMMR,2017,,,,
IMMU,2005,,,,
IMMU,2009,,,,
IMMU,2010,,,,
IMMU,2012,,,,
IMMU,2013,,,,
IMMU,2014,,,,
IMMU,2017,,,,
IMMU,2018,,,,
IMMU,2019,,,,
INFN,2011,,,,
INGN,2011,,,,
INSM,2010,,,,
INSM,2014,,,,
INSM,2018,,,,
INTC,2002,,,,
INTC,2003,,,,
INTC,2004,,,,
INTC,2005,,,,
INTC,2008,,,,
INTC,2010,,,,
INTC,2013,,,,
INTC,2014,,,,
INTC,2017,,,,
INTC,2018,,,,
INTC,2019,,,,
INVN,2010,,,,
INVN,2011,,,,
INVN,2012,,,,
IONS,2003,,,,
IONS,2004,,,,
IONS,2005,,,,
IONS,2006,,,,
IONS,2007,,,,
IONS,2008,,,,
IONS,2009,,,,
IONS,2010,,,,
IONS,2011,,,,
IONS,2012,,,,
IONS,2015,,,,
IOTS,2016,,,,
IP,2010,,,,
IP,2011,,,,
IP,2013,,,,
IP,2014,,,,
IPGP,2015,,,,
IPGP,2016,,,,
IPGP,2017,,,,
IPHI,2012,,,,
IPHI,2013,,,,
IPHI,2014,,,,
IPHI,2016,,,,
IPHI,2017,,,,
IPWR,2013,,,,
IPWR,2014,,,,
IPWR,2015,,,,
IRBT,2005,,,,
IRBT,2006,,,,
IRBT,2007,,,,
IRBT,2008,,,,
IRBT,2009,,,,
IRBT,2010,,,,
IRBT,2011,,,,
IRBT,2012,,,,
IRBT,2013,,,,
IRBT,2014,,,,
IRBT,2015,,,,
IRBT,2016,,,,
IRBT,2017,,,,
IRBT,2018,,,,
IRF,2006,,,,
IRF,2007,,,,
IRF,2008,,,,
IRF,2009,,,,
IRF,2010,,,,
IRF,2011,,,,
IRF,2012,,,,
ISIL,2004,,,,
ISIL,2006,,,,
ISIL,2008,,,,
ISIL,2009,,,,
ISIL,2010,,,,
ISIL,2011,,,,
ISIL,2012,,,,
ISIL,2013,,,,
ISIL,2014,,,,
ISIL,2015,,,,
ISRG,2011,,,,
ISRG,2014,,,,
ISRG,2018,,,,
ITMN,2009,,,,
ITMN,2010,,,,
ITMN,2011,,,,
ITMN,2013,,,,
ITRI,2005,,,,
ITRI,2006,,,,
ITRI,2007,,,,
ITRI,2008,,,,
ITRI,2009,,,,
ITRI,2010,,,,
ITRI,2011,,,,
ITRI,2012,,,,
ITRI,2013,,,,
ITRI,2014,,,,
ITRI,2015,,,,
ITRI,2017,,,,
ITW,2005,,,,
ITW,2006,,,,
ITW,2007,,,,
ITW,2008,,,,
ITW,2009,,,,
IVAC,2009,,,,
IVAC,2009,,,,
IVAC,2010,,,,
IVAC,2011,,,,
IVAC,2012,,,,
IVAC,2013,,,,
IVAC,2014,,,,
IVAC,2016,,,,
IVC,2004,,,,
IVC,2006,,,,
IVC,2007,,,,
IVC,2008,,,,
IVC,2011,,,,
IVC,2012,,,,
IVC,2013,,,,
IVC,2014,,,,
IVC,2015,,,,
IVC,2016,,,,
JAKK,2008,,,,
JNJ,2004,,,,
JNJ,2005,,,,
JNJ,2006,,,,
JNJ,2007,,,,
JNPR,2005,,,,
JNPR,2007,,,,
JNPR,2008,,,,
JNPR,2009,,,,
JNPR,2010,,,,
JNPR,2011,,,,
JNPR,2012,,,,
JNPR,2013,,,,
JNPR,2014,,,,
JNPR,2015,,,,
JNPR,2016,,,,
JNPR,2018,,,,
KEYS,2009,,,,
KFX,2011,,,,
KLAC,2008,,,,
KLAC,2009,,,,
KLAC,2010,,,,
KLAC,2011,,,,
KLAC,2012,,,,
KLAC,2014,,,,
KLAC,2015,,,,
KLIC,2011,,,,
KN,2013,,,,
KN,2014,,,,
KN,2015,,,,
KN,2016,,,,
KO,2006,,,,
KO,2007,,,,
KO,2009,,,,
KO,2014,,,,
KO,2015,,,,
KODK,2010,,,,
KODK,2012,,,,
KODK,2013,,,,
KPTI,2016,,,,
KRA,2009,,,,
KTEC,2010,,,,
KTEC,2012,,,,
LASR,2014,,,,
LASR,2017,,,,
LAVA,2008,,,,
LEA,2005,,,,
LEA,2007,,,,
LEA,2008,,,,
LEA,2009,,,,
LEA,2010,,,,
LEA,2011,,,,
LEA,2012,,,,
LFUS,2008,,,,
LFUS,2015,,,,
LFUS,2017,,,,
LFUS,2018,,,,
LIFE,2014,,,,
LIFE,2014,,,,
LII,2009,,,,
LLTC,2005,,,,
LLTC,2006,,,,
LLTC,2007,,,,
LLTC,2008,,,,
LLTC,2009,,,,
LLTC,2010,,,,
LLTC,2011,,,,
LLTC,2012,,,,
LLTC,2013,,,,
LLTC,2014,,,,
LLTC,2015,,,,
LLY,2006,,,,
LLY,2009,,,,
LMT,2005,,,,
LMT,2006,,,,
LMT,2007,,,,
LMT,2008,,,,
LMT,2009,,,,
LMT,2010,,,,
LNN,2007,,,,
LNN,2009,,,,
LNN,2011,,,,
LNN,2012,,,,
LNN,2013,,,,
LNN,2016,,,,
LNN,2018,,,,
LOJN,2009,,,,
LOJN,2010,,,,
LOJN,2013,,,,
LRCX,2003,,,,
LRCX,2004,,,,
LRCX,2006,,,,
LRCX,2009,,,,
LRCX,2010,,,,
LRCX,2013,,,,
LRCX,2015,,,,
LRCX,2016,,,,
LSCC,2012,,,,
LSCC,2014,,,,
LSCC,2016,,,,
LSI,2008,,,,
LUMN,2008,,,,
LUMN,2009,,,,
LUMN,2012,,,,
LUMN,2013,,,,
LUMN,2014,,,,
LUMN,2015,,,,
LUMN,2016,,,,
LUMN,2017,,,,
LVLT,2007,,,,
LVLT,2008,,,,
LVLT,2010,,,,
LVLT,2011,,,,
LVLT,2014,,,,
LYTS,2008,,,,
LYTS,2009,,,,
LYTS,2010,,,,
LYTS,2011,,,,
LYTS,2012,,,,
LYTS,2013,,,,
MA,2016,,,,
MAS,2010,,,,
MAT,2009,,,,
MBII,2011,,,,
MBII,2014,,,,
MBII,2015,,,,
MBUU,2013,,,,
MBUU,2016,,,,
MCHP,2007,,,,
MCHP,2008,,,,
MCHP,2009,,,,
MCHP,2010,,,,
MCHP,2011,,,,
MCHP,2012,,,,
MCHP,2013,,,,
MCHP,2014,,,,
MCHP,2015,,,,
MCHP,2016,,,,
MCHP,2017,,,,
MCRB,2014,,,,
MCRL,2008,,,,
MCRL,2011,,,,
MCRL,2013,,,,
MCRL,2014,,,,
MDT,2004,,,,
MDT,2005,,,,
MDT,2006,,,,
MDT,2007,,,,
MDT,2008,,,,
MDT,2009,,,,
MDT,2010,,,,
MDT,2011,,,,
MDT,2012,,,,
MDT,2013,,,,
MDT,2014,,,,
MDT,2015,,,,
MDT,2016,,,,
MDT,2017,,,,
MDT,2018,,,,
MEI,2010,,,,
MEIP,2009,,,,
MEIP,2014,,,,
MEIP,2017,,,,
MENT,2005,,,,
MENT,2008,,,,
MENT,2009,,,,
MENT,2010,,,,
MENT,2011,,,,
MENT,2012,,,,
MENT,2013,,,,
MENT,2014,,,,
MENT,2015,,,,
MERU,2007,,,,
META,2008,,,,
META,2009,,,,
META,2010,,,,
META,2011,,,,
META,2012,,,,
META,2013,,,,
META,2014,,,,
META,2015,,,,
META,2016,,,,
META,2017,,,,
META,2018,,,,
MHK,2012,,,,
MHK,2013,,,,
MHK,2014,,,,
MIDD,2010,,,,
MIDD,2014,,,,
MIDD,2016,,,,
MITL,2008,,,,
MJN,2009,,,,
MJN,2010,,,,
MKSI,2009,,,,
MKSI,2011,,,,
MKSI,2012,,,,
MKSI,2014,,,,
MKSI,2015,,,,
MKSI,2016,,,,
MLHR,2009,,,,
MMM,2002,,,,
MMM,2004,,,,
MMM,2005,,,,
MMM,2006,,,,
MMM,2007,,,,
MMM,2008,,,,
MMM,2009,,,,
MMM,2010,,,,
MNGA,2014,,,,
MNGA,2016,,,,
MNKD,2010,,,,
MNKD,2011,,,,
MNKD,2014,,,,
MNKD,2016,,,,
MNKD,2017,,,,
MNOV,2017,,,,
MNTA,2008,,,,
MNTA,2009,,,,
MOD,2004,,,,
MOD,2005,,,,
MOD,2006,,,,
MOD,2007,,,,
MOD,2008,,,,
MOD,2009,,,,
MOD,2010,,,,
MOD,2011,,,,
MOD,2012,,,,
MOD,2013,,,,
MOD,2014,,,,
MOD,2015,,,,
MOD,2016,,,,
MOD,2017,,,,
MON,2004,,,,
MON,2005,,,,
MON,2006,,,,
MON,2007,,,,
MON,2008,,,,
MON,2009,,,,
MON,2010,,,,
MON,2011,,,,
MON,2012,,,,
MON,2013,,,,
MON,2014,,,,
MON,2015,,,,
MORN,2009,,,,
MORN,2010,,,,
MPWR,2005,,,,
MPWR,2007,,,,
MPWR,2008,,,,
MPWR,2009,,,,
MPWR,2010,,,,
MPWR,2011,,,,
MPWR,2012,,,,
MPWR,2013,,,,
MPWR,2014,,,,
MPWR,2016,,,,
MRAM,2014,,,,
MRAM,2016,,,,
MRK,2007,,,,
MRK,2008,,,,
MRK,2009,,,,
MRK,2012,,,,
MRK,2013,,,,
MRK,2014,,,,
MRK,2015,,,,
MRK,2016,,,,
MRK,2017,,,,
MRVL,2004,,,,
MRVL,2005,,,,
MRVL,2006,,,,
MRVL,2007,,,,
MRVL,2008,,,,
MRVL,2009,,,,
MRVL,2010,,,,
MRVL,2011,,,,
MRVL,2012,,,,
MRVL,2013,,,,
MRVL,2014,,,,
MRVL,2015,,,,
MRVL,2016,,,,
MRVL,2017,,,,
MSCC,2009,,,,
MSCC,2010,,,,
MSCC,2012,,,,
MSCC,2014,,,,
MSFT,2002,,,,
MSFT,2008,,,,
MSFT,2010,,,,
MSI,2004,,,,
MSI,2005,,,,
MSI,2006,,,,
MSI,2007,,,,
MSI,2008,,,,
MSI,2009,,,,
MSI,2010,,,,
MSI,2011,,,,
MSI,2012,,,,
MSI,2013,,,,
MTOR,2011,,,,
MTOR,2012,,,,
MU,2001,,,,
MU,2005,,,,
MU,2007,,,,
MU,2008,,,,
MU,2009,,,,
MU,2010,,,,
MU,2011,,,,
MU,2012,,,,
MU,2013,,,,
MU,2014,,,,
MU,2015,,,,
MXIM,2008,,,,
MXIM,2009,,,,
MXIM,2010,,,,
MXIM,2011,,,,
MXIM,2012,,,,
MXIM,2013,,,,
MXIM,2014,,,,
MXIM,2015,,,,
MXIM,2016,,,,
MXIM,2017,,,,
MXL,2010,,,,
MXL,2011,,,,
MXL,2012,,,,
MXL,2013,,,,
MXL,2014,,,,
MXL,2015,,,,
MXL,2016,,,,
MXL,2018,,,,
MXWL,2006,,,,
MXWL,2007,,,,
MXWL,2008,,,,
MXWL,2009,,,,
MXWL,2010,,,,
MXWL,2011,,,,
MXWL,2012,,,,
MXWL,2013,,,,
MXWL,2014,,,,
MXWL,2015,,,,
MXWL,2017,,,,
NATI,2005,,,,
NATI,2008,,,,
NATI,2009,,,,
NATI,2011,,,,
NATI,2012,,,,
NATI,2014,,,,
NATI,2015,,,,
NATI,2017,,,,
NDSN,2002,,,,
NDSN,2007,,,,
NDSN,2010,,,,
NDSN,2011,,,,
NDSN,2012,,,,
NDSN,2013,,,,
NDSN,2015,,,,
NEM,2005,,,,
NEM,2009,,,,
NEOS,2013,,,,
NETL,2010,,,,
NKE,2008,,,,
NKE,2010,,,,
NKE,2012,,,,
NKE,2014,,,,
NKE,2016,,,,
NLSN,2012,,,,
NLSN,2013,,,,
NLSN,2014,,,,
NLSN,2017,,,,
NLST,2009,,,,
NLST,2010,,,,
NLST,2011,,,,
NMBL,2011,,,,
NMRX,2007,,,,
NMRX,2011,,,,
NMRX,2013,,,,
NOC,2005,,,,
NOV,2010,,,,
NOV,2013,,,,
NOV,2015,,,,
NPTN,2004,,,,
NSM,2005,,,,
NSM,2006,,,,
NSM,2007,,,,
NSM,2008,,,,
NSPH,2007,,,,
NTAP,2007,,,,
NTAP,2008,,,,
NTAP,2009,,,,
NTAP,2010,,,,
NTAP,2011,,,,
NTAP,2014,,,,
NTAP,2015,,,,
NTCT,2010,,,,
NTCT,2013,,,,
NTCT,2017,,,,
NTGR,2005,,,,
NTGR,2013,,,,
NTGR,2014,,,,
NTGR,2015,,,,
NUAN,2012,,,,
NUAN,2014,,,,
NUE,2009,,,,
NUE,2010,,,,
NUE,2011,,,,
NUE,2012,,,,
NUE,2013,,,,
NUE,2015,,,,
NUE,2016,,,,
NVDA,2002,,,,
NVDA,2003,,,,
NVDA,2004,,,,
NVDA,2005,,,,
NVDA,2006,,,,
NVDA,2007,,,,
NVDA,2008,,,,
NVDA,2009,,,,
NVDA,2010,,,,
NVDA,2011,,,,
NVDA,2012,,,,
NVDA,2013,,,,
NVDA,2014,,,,
NVDA,2015,,,,
NVLS,2006,,,,
NVLS,2007,,,,
NWPX,2009,,,,
NXPI,2009,,,,
NXPI,2011,,,,
NXPI,2012,,,,
NXPI,2013,,,,
NXPI,2014,,,,
NXPI,2015,,,,
NXPI,2016,,,,
O,2014,,,,
O,2015,,,,
OESX,2008,,,,
OESX,2009,,,,
OESX,2011,,,,
OESX,2012,,,,
OESX,2013,,,,
OESX,2014,,,,
OESX,2015,,,,
OESX,2018,,,,
OMED,2013,,,,
OMED,2016,,,,
ON,2011,,,,
ON,2015,,,,
OPNT,2009,,,,
OPTT,2007,,,,
OPTT,2008,,,,
OPTT,2009,,,,
OPTT,2010,,,,
OPTT,2011,,,,
OPTT,2012,,,,
ORA,2004,,,,
ORA,2007,,,,
ORA,2008,,,,
ORA,2009,,,,
ORA,2010,,,,
ORA,2012,,,,
ORA,2014,,,,
ORCL,2002,,,,
ORCL,2005,,,,
ORCL,2009,,,,
ORCL,2011,,,,
ORCL,2013,,,,
ORCL,2015,,,,
ORCL,2017,,,,
OSK,2005,,,,
OSK,2007,,,,
OSK,2008,,,,
OSK,2009,,,,
OSK,2012,,,,
OTIC,2014,,,,
OVTI,2008,,,,
OVTI,2010,,,,
OVTI,2013,,,,
OVTI,2014,,,,
PACB,2006,,,,
PACB,2013,,,,
PACB,2014,,,,
PACB,2016,,,,
PCAR,2007,,,,
PCAR,2008,,,,
PCAR,2009,,,,
PCAR,2010,,,,
PCAR,2011,,,,
PCAR,2013,,,,
PCAR,2014,,,,
PCAR,2015,,,,
PCAR,2016,,,,
PCAR,2018,,,,
PDFS,2014,,,,
PEP,2009,,,,
PFE,2006,,,,
PFE,2010,,,,
PFE,2011,,,,
PFE,2012,,,,
PFE,2014,,,,
PFE,2015,,,,
PFE,2016,,,,
PFE,2017,,,,
PFE,2018,,,,
PFIE,2015,,,,
PH,2007,,,,
PH,2008,,,,
PH,2009,,,,
PH,2010,,,,
PH,2011,,,,
PH,2013,,,,
PH,2014,,,,
PH,2015,,,,
PII,2008,,,,
PII,2009,,,,
PII,2010,,,,
PII,2011,,,,
PII,2012,,,,
PII,2013,,,,
PII,2014,,,,
PLPC,2010,,,,
PLPC,2014,,,,
PLPC,2015,,,,
PLUG,2007,,,,
PLUG,2012,,,,
POR,2012,,,,
POWI,2005,,,,
POWI,2008,,,,
POWI,2009,,,,
POWI,2010,,,,
POWI,2011,,,,
POWI,2012,,,,
POWI,2013,,,,
POWI,2014,,,,
POWI,2015,,,,
POWI,2016,,,,
POWI,2017,,,,
POWI,2018,,,,
PRLB,2009,,,,
PRLB,2011,,,,
PSTG,2017,,,,
PSX,2008,,,,
PSX,2009,,,,
PSX,2010,,,,
PSX,2011,,,,
PSX,2012,,,,
PSX,2013,,,,
PSX,2014,,,,
PSX,2015,,,,
PTCT,2012,,,,
PWER,2006,,,,
PWER,2007,,,,
PWER,2008,,,,
PWER,2009,,,,
PWER,2010,,,,
PX,2006,,,,
PX,2007,,,,
PX,2008,,,,
PX,2009,,,,
PX,2010,,,,
PX,2011,,,,
PX,2012,,,,
PX,2013,,,,
PX,2014,,,,
PX,2015,,,,
PX,2016,,,,
PX,2017,,,,
PXLW,2012,,,,
QCOM,2001,,,,
QCOM,2002,,,,
QCOM,2003,,,,
QCOM,2004,,,,
QCOM,2005,,,,
QCOM,2006,,,,
QCOM,2007,,,,
QCOM,2008,,,,
QCOM,2009,,,,
QCOM,2010,,,,
QCOM,2011,,,,
QCOM,2012,,,,
QCOM,2013,,,,
QCOM,2014,,,,
QCOM,2015,,,,
QCOM,2016,,,,
QCOM,2017,,,,
QCOM,2018,,,,
QCOM,2019,,,,
QLGC,2008,,,,
QLGC,2009,,,,
QLGC,2011,,,,
QLGC,2013,,,,
QRVO,2010,,,,
QRVO,2013,,,,
RAIL,2008,,,,
RAX,2011,,,,
RAX,2012,,,,
RBBN,2009,,,,
RBBN,2010,,,,
REGI,2014,,,,
REGN,2010,,,,
REGN,2013,,,,
REGN,2014,,,,
REGN,2015,,,,
REGN,2016,,,,
RHT,2007,,,,
RHT,2008,,,,
RHT,2009,,,,
RHT,2010,,,,
RHT,2011,,,,
RHT,2012,,,,
RHT,2013,,,,
RHT,2015,,,,
RIGL,2011,,,,
RIGL,2013,,,,
RIGL,2014,,,,
RMBS,2004,,,,
RMBS,2006,,,,
RMBS,2007,,,,
RMBS,2008,,,,
RMBS,2009,,,,
RMBS,2010,,,,
RMBS,2011,,,,
RMBS,2012,,,,
RMBS,2013,,,,
RMBS,2014,,,,
RMBS,2015,,,,
RMBS,2016,,,,
RMBS,2017,,,,
RMBS,2018,,,,
RPXC,2012,,,,
RPXC,2013,,,,
RPXC,2014,,,,
RRX,2011,,,,
RRX,2012,,,,
RRX,2013,,,,
RRX,2014,,,,
RRX,2015,,,,
RUBY,2017,,,,
RUBY,2018,,,,
RUN,2011,,,,
RUN,2012,,,,
RUN,2014,,,,
RUN,2015,,,,
RVBD,2012,,,,
RVNC,2015,,,,
SANM,2011,,,,
SANM,2012,,,,
SANM,2014,,,,
SANM,2017,,,,
SATS,2008,,,,
SATS,2011,,,,
SATS,2013,,,,
SATS,2014,,,,
SCL,2012,,,,
SCL,2014,,,,
SCTY,2011,,,,
SCTY,2012,,,,
SCTY,2013,,,,
SCTY,2014,,,,
SCTY,2015,,,,
SCTY,2016,,,,
SEDG,2007,,,,
SEDG,2008,,,,
SEDG,2011,,,,
SEDG,2012,,,,
SEDG,2013,,,,
SEDG,2014,,,,
SEDG,2015,,,,
SEDG,2016,,,,
SEDG,2017,,,,
SGEN,2006,,,,
SGEN,2008,,,,
SGEN,2011,,,,
SGEN,2012,,,,
SGEN,2014,,,,
SGEN,2015,,,,
SGEN,2016,,,,
SGEN,2017,,,,
SGMO,2009,,,,
SGMO,2013,,,,
SHOR,2007,,,,
SIAL,2007,,,,
SIAL,2008,,,,
SIAL,2010,,,,
SIAL,2011,,,,
SIAL,2012,,,,
SIGM,2007,,,,
SIGM,2016,,,,
SIMG,2007,,,,
SIMG,2008,,,,
SIMG,2009,,,,
SIMG,2010,,,,
SIMG,2013,,,,
SLAB,2004,,,,
SLAB,2005,,,,
SLAB,2006,,,,
SLAB,2007,,,,
SLAB,2008,,,,
SLAB,2010,,,,
SLAB,2011,,,,
SLAB,2012,,,,
SLAB,2013,,,,
SLAB,2014,,,,
SLAB,2015,,,,
SLAB,2016,,,,
SLAB,2017,,,,
SLAB,2018,,,,
SLB,2005,,,,
SLB,2006,,,,
SLB,2008,,,,
SLXP,2012,,,,
SLXP,2013,,,,
SMED,2009,,,,
SMMT,2016,,,,
SMSC,2007,,,,
SMSC,2009,,,,
SMSC,2010,,,,
SMSI,2009,,,,
SMTC,2011,,,,
SMTC,2015,,,,
SNAP,2015,,,,
SNDK,2005,,,,
SNDK,2007,,,,
SNDK,2008,,,,
SNDK,2009,,,,
SNDK,2010,,,,
SNDK,2011,,,,
SNDK,2012,,,,
SNDK,2013,,,,
SNDK,2014,,,,
SNPS,2005,,,,
SNPS,2006,,,,
SNPS,2008,,,,
SNPS,2009,,,,
SNPS,2010,,,,
SNPS,2011,,,,
SNPS,2012,,,,
SNPS,2013,,,,
SNPS,2014,,,,
SNPS,2015,,,,
SNPS,2016,,,,
SNPS,2017,,,,
SO,2010,,,,
SO,2012,,,,
SONO,2016,,,,
SPA,2012,,,,
SPB,2005,,,,
SPB,2010,,,,
SPB,2016,,,,
SPLK,2015,,,,
SPR,2007,,,,
SPR,2008,,,,
SPR,2009,,,,
SPR,2010,,,,
SPR,2011,,,,
SPR,2012,,,,
SPR,2014,,,,
SPR,2016,,,,
SPWR,2005,,,,
SPWR,2006,,,,
SPWR,2007,,,,
SPWR,2008,,,,
SPWR,2009,,,,
SPWR,2010,,,,
SPWR,2011,,,,
SPWR,2012,,,,
SPWR,2013,,,,
SPWR,2015,,,,
SPWR,2016,,,,
SPXC,2010,,,,
SQ,2015,,,,
SQ,2016,,,,
SRI,2013,,,,
SRPT,2011,,,,
SSNI,2007,,,,
SSNI,2008,,,,
SSNI,2009,,,,
SSNI,2010,,,,
SSNI,2011,,,,
SSNI,2012,,,,
SSNI,2013,,,,
SSNI,2014,,,,
SSNI,2015,,,,
SSNI,2016,,,,
SSYS,2005,,,,
SSYS,2008,,,,
SSYS,2010,,,,
SSYS,2011,,,,
SSYS,2012,,,,
SSYS,2014,,,,
SSYS,2016,,,,
SSYS,2017,,,,
STEC,2012,,,,
STX,2004,,,,
STX,2010,,,,
SUPX,2010,,,,
SUPX,2011,,,,
SWK,2008,,,,
SWKS,2008,,,,
SWKS,2009,,,,
SWKS,2011,,,,
SWKS,2012,,,,
SWKS,2013,,,,
SWKS,2014,,,,
SWKS,2015,,,,
SWKS,2016,,,,
SWKS,2017,,,,
SYK,2007,,,,
SYK,2009,,,,
SYK,2012,,,,
SYK,2017,,,,
SYMC,2003,,,,
SYMC,2004,,,,
SYMC,2007,,,,
SYMC,2008,,,,
SYMC,2009,,,,
SYMC,2010,,,,
SYMC,2011,,,,
SYMC,2012,,,,
SYMC,2013,,,,
SYNA,2013,,,,
SYNA,2015,,,,
SYNA,2017,,,,
TDC,2011,,,,
TEL,2007,,,,
TEL,2008,,,,
TEL,2009,,,,
TEL,2010,,,,
TEL,2011,,,,
TEL,2012,,,,
TEL,2013,,,,
TEL,2014,,,,
TEL,2015,,,,
TEL,2016,,,,
TER,2010,,,,
TER,2011,,,,
TEX,2008,,,,
TGEN,2013,,,,
TGEN,2016,,,,
THRM,2010,,,,
THRM,2012,,,,
THRM,2013,,,,
THRM,2014,,,,
THRM,2015,,,,
THRM,2016,,,,
THRM,2017,,,,
TKR,2006,,,,
TKR,2009,,,,
TKR,2010,,,,
TMO,2006,,,,
TMO,2009,,,,
TMUS,2018,,,,
TNB,2006,,,,
TNB,2007,,,,
TNC,2007,,,,
TNC,2011,,,,
TRMB,2007,,,,
TRMB,2008,,,,
TRMB,2011,,,,
TRMB,2013,,,,
TRN,2010,,,,
TROV,2011,,,,
TSLA,2007,,,,
TSLA,2008,,,,
TSLA,2009,,,,
TSLA,2010,,,,
TSLA,2011,,,,
TSLA,2012,,,,
TSLA,2013,,,,
TSLA,2014,,,,
TSLA,2015,,,,
TSLA,2016,,,,
TSRX,2006,,,,
TSYS,2013,,,,
TT,2004,,,,
TTC,2010,,,,
TTC,2012,,,,
TTEK,2015,,,,
TWC,2010,,,,
TWC,2012,,,,
TWLO,2013,,,,
TWLO,2016,,,,
TWLO,2018,,,,
TXN,2002,,,,
TXN,2004,,,,
TXN,2005,,,,
TXN,2006,,,,
TXN,2007,,,,
TXN,2008,,,,
TXN,2009,,,,
TXN,2010,,,,
TXT,2005,,,,
TXT,2006,,,,
TXT,2007,,,,
TXT,2008,,,,
TXT,2009,,,,
TXT,2010,,,,
TXT,2011,,,,
TXT,2012,,,,
TXT,2013,,,,
TXT,2014,,,,
TXT,2015,,,,
TXT,2016,,,,
TXT,2017,,,,
UBNT,2013,,,,
UBNT,2014,,,,
UBNT,2015,,,,
UEIC,2010,,,,
UIS,2010,,,,
USCR,2010,,,,
USCR,2013,,,,
USCR,2015,,,,
UTEK,2010,,,,
UTEK,2011,,,,
UTHR,2008,,,,
UTHR,2010,,,,
UTHR,2011,,,,
UTHR,2012,,,,
UTHR,2013,,,,
UTHR,2014,,,,
UTX,2003,,,,
UTX,2004,,,,
UTX,2005,,,,
UTX,2006,,,,
UTX,2007,,,,
UTX,2008,,,,
UTX,2009,,,,
UTX,2010,,,,
UTX,2011,,,,
UTX,2012,,,,
UTX,2013,,,,
UTX,2014,,,,
UTX,2015,,,,
UTX,2016,,,,
UTX,2017,,,,
VAL,2008,,,,
VAL,2013,,,,
VC,2008,,,,
VC,2014,,,,
VC,2015,,,,
VIAV,2012,,,,
VIAV,2015,,,,
VLTR,2008,,,,
VLTR,2009,,,,
VLTR,2010,,,,
VLTR,2012,,,,
VMI,2012,,,,
VMW,2008,,,,
VMW,2009,,,,
VMW,2010,,,,
VMW,2011,,,,
VMW,2012,,,,
VMW,2013,,,,
VMW,2014,,,,
VMW,2016,,,,
VMW,2019,,,,
VNDA,2014,,,,
VRTX,2003,,,,
VRTX,2008,,,,
VRTX,2009,,,,
VRTX,2010,,,,
VRTX,2012,,,,
VRTX,2013,,,,
VRTX,2014,,,,
VRTX,2016,,,,
VRTX,2017,,,,
VSAT,2008,,,,
VSAT,2009,,,,
VSAT,2011,,,,
VSAT,2013,,,,
VSAT,2015,,,,
VSEA,2008,,,,
VSEA,2009,,,,
VSEA,2010,,,,
VSH,2008,,,,
VSH,2010,,,,
VSLR,2016,,,,
VTVT,2017,,,,
VTVT,2018,,,,
WAB,2009,,,,
WAB,2012,,,,
WAT,2013,,,,
WATT,2014,,,,
WATT,2017,,,,
WATT,2018,,,,
WBC,2012,,,,
WBC,2015,,,,
WDC,2008,,,,
WDC,2009,,,,
WDC,2010,,,,
WDC,2011,,,,
WDC,2012,,,,
WDC,2013,,,,
WDC,2014,,,,
WDC,2015,,,,
WDC,2016,,,,
WDC,2017,,,,
WFT,2010,,,,
WHR,2006,,,,
WHR,2007,,,,
WHR,2008,,,,
WHR,2009,,,,
WHR,2010,,,,
WHR,2011,,,,
WNC,2017,,,,
WOR,2017,,,,
WWD,2008,,,,
WWD,2009,,,,
WWD,2010,,,,
WWD,2011,,,,
WWD,2012,,,,
WWD,2013,,,,
WWD,2014,,,,
WWD,2015,,,,
WWD,2016,,,,
WWD,2018,,,,
WY,2009,,,,
WY,2010,,,,
XBIO,2015,,,,
XLNX,2008,,,,
XLNX,2009,,,,
XLNX,2010,,,,
XLNX,2011,,,,
XLNX,2012,,,,
XLNX,2014,,,,
XLNX,2015,,,,
XLS,2008,,,,
XLS,2009,,,,
XLS,2010,,,,
XOM,2006,,,,
XOM,2007,,,,
XOMA,2010,,,,
XOMA,2011,,,,
XOMA,2012,,,,
XON,2007,,,,
XON,2012,,,,
XON,2013,,,,
XON,2014,,,,
XON,2016,,,,
XONE,2015,,,,
XPER,2005,,,,
XRX,2005,,,,
XRX,2007,,,,
XRX,2008,,,,
XRX,2009,,,,
XRX,2010,,,,
XRX,2011,,,,
XRX,2012,,,,
XRX,2013,,,,
XRX,2014,,,,
XRX,2015,,,,
XXIA,2010,,,,
XXIA,2012,,,,
XXIA,2014,,,,
ZTS,2009,,,,
ZTS,2013,,,,
ZTS,2014,,,,
ZTS,2017,,,,
